{
  "user": {
    "id": "123456789",
    "name": "John Doe",
    "age": 30,
    "email": "john@example.com",
    "is_active": true,
    "preferences": {
      "theme": "dark",
      "language": "en"
    },
    "addresses": [
      {
        "type": "home",
        "street": "123 Main St",
        "city": "City",
        "zip_code": "12345"
      },
      {
        "type": "work",
        "street": "456 Elm St",
        "city": "Town",
        "zip_code": "67890"
      }
    ],
    "orders": [
      {
        "order_id": "987654321",
        "total": 100.50,
        "products": [
          {"name": "Product A", "quantity": 2},
          {"name": "Product B", "quantity": 1}
        ],
        "order_date": "2024-03-28T10:00:00Z"
      },
      {
        "order_id": "654321987",
        "total": 75.25,
        "products": [
          {"name": "Product C", "quantity": 1}
        ],
        "order_date": "2024-03-29T09:30:00Z"
      }
    ]
  }
}
