{
  "$schema": "http://json-schema.org/draft-07/schema#",
  "type": "object",
  "properties": {
    "user": {
      "type": "object",
      "properties": {
        "id": { "type": "string" },
        "name": { "type": "string" },
        "age": { "type": "integer" },
        "email": { "type": "string", "format": "email" },
        "is_active": { "type": "boolean" },
        "preferences": {
          "type": "object",
          "properties": {
            "theme": { "type": "string" },
            "language": { "type": "string" }
          },
          "required": ["theme", "language"]
        },
        "addresses": {
          "type": "array",
          "items": {
            "type": "object",
            "properties": {
              "type": { "type": "string" },
              "street": { "type": "string" },
              "city": { "type": "string" },
              "zip_code": { "type": "string" }
            },
            "required": ["type", "street", "city", "zip_code"]
          }
        },
        "orders": {
          "type": "array",
          "items": {
            "type": "object",
            "properties": {
              "order_id": { "type": "string" },
              "total": { "type": "number" },
              "products": {
                "type": "array",
                "items": {
                  "type": "object",
                  "properties": {
                    "name": { "type": "string" },
                    "quantity": { "type": "integer" }
                  },
                  "required": ["name", "quantity"]
                }
              },
              "order_date": { "type": "string", "format": "date-time" }
            },
            "required": ["order_id", "total", "products", "order_date"]
          }
        }
      },
      "required": ["id", "name", "age", "email", "is_active", "preferences", "addresses", "orders"]
    }
  },
  "required": ["user"]
}
